"gene_id","baseMean","log2FoldChange","lfcSE","pvalue","padj","ensembl_id","symbol","deg_class","significant"
"ENSG00000167900",461.824967149803,3.10554978747366,0.205410005714049,7.97098349721197e-53,2.67099686008076e-48,"ENSG00000167900","TK1","Up","Significant"
"ENSG00000171848",844.728133419056,3.70697736410019,0.254064924510017,1.71036029524769e-49,1.91041543778183e-45,"ENSG00000171848","RRM2","Up","Significant"
"ENSG00000166851",185.042225522595,3.76681158027807,0.25756641344865,1.22574188972361e-49,1.91041543778183e-45,"ENSG00000166851","PLK1","Up","Significant"
"ENSG00000175063",141.18572655625,3.45336635452853,0.248754577371953,4.98148320055842e-45,4.1731130141878e-41,"ENSG00000175063","UBE2C","Up","Significant"
"ENSG00000145386",179.448580660045,3.63534977358279,0.265851038396546,9.18988770634603e-44,5.48342670423087e-40,"ENSG00000145386","CCNA2","Up","Significant"
"ENSG00000111206",89.8543031210028,2.97624635748444,0.217750504322168,1.06761895893956e-43,5.48342670423087e-40,"ENSG00000111206","FOXM1","Up","Significant"
"ENSG00000165949",3908.24683203092,8.54624915290092,0.625881953186111,1.1454829129373e-43,5.48342670423087e-40,"ENSG00000165949","IFI27","Up","Significant"
"ENSG00000088325",224.914471961624,3.05613771321506,0.225295695485705,4.13843996998118e-43,1.73343731192624e-39,"ENSG00000088325","TPX2","Up","Significant"
"ENSG00000178999",118.343863762108,3.1034507333031,0.231119009733188,2.54782587319758e-42,9.48612190944196e-39,"ENSG00000178999","AURKB","Up","Significant"
"ENSG00000117399",227.059446661923,3.54184173003996,0.266847091458741,2.00331100916744e-41,6.71289486061919e-38,"ENSG00000117399","CDC20","Up","Significant"
"ENSG00000123485",86.3504665147933,3.12529294223359,0.237887368449588,1.61481307802101e-40,4.91916103921871e-37,"ENSG00000123485","HJURP","Up","Significant"
"ENSG00000127564",114.6892129398,3.10396035156942,0.241002997976506,3.74206576180647e-39,1.04494068010311e-35,"ENSG00000127564","PKMYT1","Up","Significant"
"ENSG00000090889",52.7099711176735,3.39852149939768,0.264329805931727,5.86955953871738e-39,1.404879075592e-35,"ENSG00000090889","KIF4A","Up","Significant"
"ENSG00000211950",1303.24098165799,5.68107014545259,0.442625073694409,5.66997660555574e-39,1.404879075592e-35,"ENSG00000211950","IGHV1-24","Up","Significant"
"ENSG00000148773",558.056391430281,3.04891759331426,0.238729175390645,1.62219069596533e-38,3.62386586874016e-35,"ENSG00000148773","MKI67","Up","Significant"
"ENSG00000089685",233.751488788955,3.71782790223759,0.291604689554022,1.86947777233587e-38,3.91527066707517e-35,"ENSG00000089685","BIRC5","Up","Significant"
"ENSG00000171241",194.320366777739,3.09409044299243,0.243360769784861,3.13782567223174e-38,6.18502355593019e-35,"ENSG00000171241","SHCBP1","Up","Significant"
"ENSG00000066279",83.6454731040495,2.85982047841927,0.227058851537573,1.63630874526643e-37,3.04617054139628e-34,"ENSG00000066279","ASPM","Up","Significant"
"ENSG00000143476",139.163139567093,3.04781588162359,0.24235130818596,1.78876071017987e-37,3.15471487565353e-34,"ENSG00000143476","DTL","Up","Significant"
"ENSG00000170476",1855.02286408852,3.53856509498442,0.282194985139627,2.59835083044004e-37,4.35340689886076e-34,"ENSG00000170476","MZB1","Up","Significant"
"ENSG00000224373",1054.33375875657,3.67859003489224,0.293968562630356,3.68477907980328e-37,5.87967915167278e-34,"ENSG00000224373","IGHV4-59","Up","Significant"
"ENSG00000169679",231.266852944961,3.00739192600668,0.244013245705698,4.05905559592429e-36,6.18249518017395e-33,"ENSG00000169679","BUB1","Up","Significant"
"ENSG00000276043",226.71740298252,2.69564363738762,0.219865527811946,9.4816876732892e-36,1.38139944454021e-32,"ENSG00000276043","UHRF1","Up","Significant"
"ENSG00000184357",66.9878899219368,3.15243170625448,0.258792151795607,2.6438043737531e-35,3.6913016983372e-32,"ENSG00000184357","H1-5","Up","Significant"
"ENSG00000157456",146.915944194192,3.30484838551658,0.277939975915224,8.19317589249464e-34,1.09818052392641e-30,"ENSG00000157456","CCNB2","Up","Significant"
"ENSG00000167513",96.0783611254317,2.67440741019171,0.225136556801855,1.00382353073673e-33,1.29373548813297e-30,"ENSG00000167513","CDT1","Up","Significant"
"ENSG00000211896",47046.9350758604,5.13031387668635,0.434123325200153,1.75515984059173e-33,2.17828337401438e-30,"ENSG00000211896","IGHG1","Up","Significant"
"ENSG00000112984",64.3854332303698,3.37440652542885,0.286368296595361,3.29954659097869e-33,3.94873238275374e-30,"ENSG00000112984","KIF20A","Up","Significant"
"ENSG00000135476",65.3868028928563,2.7136167331947,0.230732522864308,4.50842887345264e-33,5.20941183174223e-30,"ENSG00000135476","ESPL1","Up","Significant"
"ENSG00000168078",30.6327594675795,3.93718481166618,0.33631639724663,7.64361204113707e-33,8.53765986288207e-30,"ENSG00000168078","PBK","Up","Significant"
"ENSG00000187837",417.124235275201,1.77279614822271,0.152488017251802,2.72312952949858e-32,2.94352733561187e-29,"ENSG00000187837","H1-2","Up","Significant"
"ENSG00000065328",95.8016391594958,3.38649984274374,0.293505979630774,5.64733385497478e-32,5.91364094207343e-29,"ENSG00000065328","MCM10","Up","Significant"
"ENSG00000131747",369.78738925638,3.05367412025391,0.265512741924116,7.93019318072559e-32,8.05251040281618e-29,"ENSG00000131747","TOP2A","Up","Significant"
"ENSG00000131153",113.750065570623,2.69456415346933,0.234914124544401,1.25370899671399e-31,1.23560396384968e-28,"ENSG00000131153","GINS2","Up","Significant"
"ENSG00000101057",955.705484347665,3.3091715405036,0.28937086585416,1.64526678630714e-31,1.57517842121045e-28,"ENSG00000101057","MYBL2","Up","Significant"
"ENSG00000115163",35.7248932000359,3.48134936009332,0.305437478002962,3.27998270081883e-31,3.05302612004828e-28,"ENSG00000115163","CENPA","Up","Significant"
"ENSG00000075218",54.7873852502255,2.9926100110262,0.263361084191647,4.40603207846078e-31,3.9903169977606e-28,"ENSG00000075218","GTSE1","Up","Significant"
"ENSG00000122952",293.113867754609,2.26659457599008,0.199626970286515,5.18615645359189e-31,4.57323464745817e-28,"ENSG00000122952","ZWINT","Up","Significant"
"ENSG00000211956",3037.0595447636,4.13230281421409,0.365099069357744,6.03576309557338e-31,5.1859586043479e-28,"ENSG00000211956","IGHV4-34","Up","Significant"
"ENSG00000211945",1008.11515905813,3.53620927604965,0.312977135357997,7.75402450776815e-31,6.49574018077007e-28,"ENSG00000211945","IGHV1-18","Up","Significant"
"ENSG00000184661",65.876917051091,3.26134014401504,0.290000312041172,1.57927711649706e-30,1.29073163162683e-27,"ENSG00000184661","CDCA2","Up","Significant"
"ENSG00000138180",69.305610228058,3.3394314121199,0.298155977702914,2.7686324203479e-30,2.2089072327009e-27,"ENSG00000138180","CEP55","Up","Significant"
"ENSG00000146670",106.133742791468,2.75419695517974,0.246181052548969,3.11749805284932e-30,2.42940098262623e-27,"ENSG00000146670","CDCA5","Up","Significant"
"ENSG00000092853",88.1470504364403,2.53455307586633,0.226782543731,3.59030826083975e-30,2.7087646073294e-27,"ENSG00000092853","CLSPN","Up","Significant"
"ENSG00000126787",93.9845987300597,3.68141984474563,0.329520390824543,3.63766174251166e-30,2.7087646073294e-27,"ENSG00000126787","DLGAP5","Up","Significant"
"ENSG00000109805",89.2544493825456,3.10186819740035,0.278353069969934,4.86452890326514e-30,3.54359780477199e-27,"ENSG00000109805","NCAPG","Up","Significant"
"ENSG00000156970",70.1228573354102,2.67603109547529,0.242601884236038,1.75670471571606e-29,1.25245570891339e-26,"ENSG00000156970","BUB1B","Up","Significant"
"ENSG00000135451",60.1502029575342,3.29660960935116,0.300169222041799,2.90660727035766e-29,2.02911464630031e-26,"ENSG00000135451","TROAP","Up","Significant"
"ENSG00000211962",995.227524635364,3.40169353540731,0.310471495789526,3.78988850821142e-29,2.59174232697258e-26,"ENSG00000211962","IGHV1-46","Up","Significant"
"ENSG00000142945",103.353370206081,2.79044140650447,0.25518166359971,5.01953909009197e-29,3.36399470739784e-26,"ENSG00000142945","KIF2C","Up","Significant"
"ENSG00000072571",45.5206841808459,2.81021951301304,0.257332446989638,6.75440160436876e-29,4.43790673256457e-26,"ENSG00000072571","HMMR","Up","Significant"
"ENSG00000183010",81.3369880140012,3.05414215059409,0.280463736247588,8.30276964533808e-29,5.35033669318527e-26,"ENSG00000183010","PYCR1","Up","Significant"
"ENSG00000093009",106.522909887652,2.90954427565133,0.267371548552791,9.23124262267441e-29,5.83640960458862e-26,"ENSG00000093009","CDC45","Up","Significant"
"ENSG00000094804",109.48399988064,2.81958083021516,0.260815870552938,1.95207907606144e-28,1.21133736592116e-25,"ENSG00000094804","CDC6","Up","Significant"
"ENSG00000237649",75.2929410376431,2.58680628462404,0.239280917061194,2.04762970146236e-28,1.24752770302368e-25,"ENSG00000237649","KIFC1","Up","Significant"
"ENSG00000129538",310.036121626905,4.95452547071246,0.459208103277964,2.11305233673337e-28,1.26439769199283e-25,"ENSG00000129538","RNASE1","Up","Significant"
"ENSG00000085999",36.669841087398,2.75223209986706,0.254517690367301,2.17261350599302e-28,1.27722992933895e-25,"ENSG00000085999","RAD54L","Up","Significant"
"ENSG00000099958",137.433455841224,2.59733917533708,0.240676728952945,2.46744732516264e-28,1.42554642101509e-25,"ENSG00000099958","DERL3","Up","Significant"
"ENSG00000176890",70.677542543696,2.84873243177476,0.265039575597817,3.99335739648383e-28,2.26802394913181e-25,"ENSG00000176890","TYMS","Up","Significant"
"ENSG00000143603",71.7495207848087,3.83448417155771,0.358777759957778,6.56785939446534e-28,3.66804000748565e-25,"ENSG00000143603","KCNN3","Up","Significant"
"ENSG00000152253",24.5861036655345,3.7366203781125,0.348381331175306,6.82141875543525e-28,3.74719542747344e-25,"ENSG00000152253","SPC25","Up","Significant"
"ENSG00000071539",89.0112881612666,2.94128547451869,0.275442641192252,8.19967842279817e-28,4.43166168176683e-25,"ENSG00000071539","TRIP13","Up","Significant"
"ENSG00000211592",40646.3456794343,3.02093998232081,0.282563982019805,8.83845233308874e-28,4.70107459094398e-25,"ENSG00000211592","IGKC","Up","Significant"
"ENSG00000223350",251.07300874155,4.16611627136636,0.392785198577057,1.67321834575246e-27,8.76060524184673e-25,"ENSG00000223350","IGLV9-49","Up","Significant"
"ENSG00000111665",66.7655737887715,2.30481888326569,0.219419786762901,5.89262884764667e-27,3.03778615470449e-24,"ENSG00000111665","CDCA3","Up","Significant"
"ENSG00000211679",6951.16879818943,3.49249880593452,0.334776716193149,1.04658832316773e-26,5.31365577591327e-24,"ENSG00000211679","IGLC3","Up","Significant"
"ENSG00000121152",113.881446901276,1.94224326463776,0.185808132575698,1.17706721694366e-26,5.88691721978583e-24,"ENSG00000121152","NCAPH","Up","Significant"
"ENSG00000164045",32.3069678020343,2.96981521445676,0.285469241238557,1.81892095728677e-26,8.96326799378272e-24,"ENSG00000164045","CDC25A","Up","Significant"
"ENSG00000132465",7569.94447248867,3.43528752699534,0.33173010116224,2.42275672979873e-26,1.17658196027283e-23,"ENSG00000132465","JCHAIN","Up","Significant"
"ENSG00000111291",34.5843892511372,3.27814814071235,0.317384794336882,3.58934159059432e-26,1.7182178194175e-23,"ENSG00000111291","GPRC5D","Up","Significant"
"ENSG00000011426",50.3776744604885,2.74746272993919,0.266434319434501,3.95600486996726e-26,1.8670671434892e-23,"ENSG00000011426","ANLN","Up","Significant"
"ENSG00000007968",322.010445145251,1.73447684055862,0.168410574943125,6.42047755693858e-26,2.9881080896591e-23,"ENSG00000007968","E2F2","Up","Significant"
"ENSG00000161888",40.1647854933513,2.81458307062661,0.274142423261721,7.0799660044952e-26,3.24989836773465e-23,"ENSG00000161888","SPC24","Up","Significant"
"ENSG00000169607",43.1459899726412,3.06373111729438,0.301155434431753,1.66585977561193e-25,7.54341827310544e-23,"ENSG00000169607","CKAP2L","Up","Significant"
"ENSG00000100526",84.5069619426194,2.64220122616299,0.26046813808918,2.40961321272452e-25,1.07658305526914e-22,"ENSG00000100526","CDKN3","Up","Significant"
"ENSG00000154839",50.3888044842496,2.89898779935799,0.286769530412838,3.60866561594673e-25,1.5910891595363e-22,"ENSG00000154839","SKA1","Up","Significant"
"ENSG00000239264",244.32649605266,2.47735921168382,0.245231917497089,3.69125745327372e-25,1.60636812989284e-22,"ENSG00000239264","TXNDC5","Up","Significant"
"ENSG00000165480",56.593265639039,3.14274101439639,0.31123168614297,3.98462921619735e-25,1.71180692827637e-22,"ENSG00000165480","SKA3","Up","Significant"
"ENSG00000051180",100.537330193306,2.40921820253069,0.238968553284395,4.65696374372915e-25,1.97531896314709e-22,"ENSG00000051180","RAD51","Up","Significant"
"ENSG00000244437",1765.46820207266,3.16688915430284,0.315567273598575,6.30090974301548e-25,2.61659811765958e-22,"ENSG00000244437","IGKV3-15","Up","Significant"
"ENSG00000051341",74.6253919751669,2.07877591795167,0.206546568399584,6.3250006723694e-25,2.61659811765958e-22,"ENSG00000051341","POLQ","Up","Significant"
"ENSG00000017483",559.695668552218,1.49444746547338,0.148416888541504,8.20473119684283e-25,3.35283338628056e-22,"ENSG00000017483","SLC38A5","Up","Significant"
"ENSG00000171320",35.0472788348845,2.49582858759593,0.249109647825384,8.37618016625048e-25,3.38165567699864e-22,"ENSG00000171320","ESCO2","Up","Significant"
"ENSG00000024526",18.9091088488936,3.3977424401412,0.338725009900902,9.85862020227953e-25,3.93276790902601e-22,"ENSG00000024526","DEPDC1","Up","Significant"
"ENSG00000165304",61.1216710056885,2.98730349197262,0.299162673664669,1.10989118841823e-24,4.37545221561253e-22,"ENSG00000165304","MELK","Up","Significant"
"ENSG00000138160",179.912457934393,2.19915318491138,0.220492809255862,1.49301578881866e-24,5.81737977529355e-22,"ENSG00000138160","KIF11","Up","Significant"
"ENSG00000211659",3127.67389482613,4.32416163305793,0.43498176050226,1.52975137982369e-24,5.89200448120829e-22,"ENSG00000211659","IGLV3-25","Up","Significant"
"ENSG00000211666",2526.74055101961,3.15846889403229,0.317487778377709,1.72626995130202e-24,6.5733613407022e-22,"ENSG00000211666","IGLV2-14","Up","Significant"
"ENSG00000211660",1412.43372977066,3.55760083515557,0.359338067995941,2.46884127948082e-24,9.29532611619359e-22,"ENSG00000211660","IGLV2-23","Up","Significant"
"ENSG00000165409",26.7192649176194,2.32939656040859,0.2354340929508,2.92572478878213e-24,1.08931235497001e-21,"ENSG00000165409","TSHR","Up","Significant"
"ENSG00000048462",256.213954922939,3.24817358397311,0.329207514634285,3.5264531063681e-24,1.29854854001416e-21,"ENSG00000048462","TNFRSF17","Up","Significant"
"ENSG00000163808",83.5315836033645,2.30609510158723,0.233460857436015,3.77884486175159e-24,1.37636209209167e-21,"ENSG00000163808","KIF15","Up","Significant"
"ENSG00000134057",177.7474647909,2.17227497148594,0.220881972347379,5.95876807602337e-24,2.14701461784373e-21,"ENSG00000134057","CCNB1","Up","Significant"
"ENSG00000178445",147.50707419484,3.70115251926256,0.377798381412255,7.036960833545e-24,2.50852681458787e-21,"ENSG00000178445","GLDC","Up","Significant"
"ENSG00000137563",144.190419203897,2.29825447783458,0.23433641106505,7.57506000996712e-24,2.67192300919988e-21,"ENSG00000137563","GGH","Up","Significant"
"ENSG00000164087",91.6397243311833,1.57066464577434,0.160736572334153,1.53086112455581e-23,5.34350264820216e-21,"ENSG00000164087","POC1A","Up","Significant"
"ENSG00000158402",13.7798480717378,3.84676786775522,0.395930522225635,1.64906561936757e-23,5.69675668447297e-21,"ENSG00000158402","CDC25C","Up","Significant"
"ENSG00000143228",54.5584673178953,2.02135850759899,0.207583982118396,1.72715340065359e-23,5.90563094923482e-21,"ENSG00000143228","NUF2","Up","Significant"
"ENSG00000154277",30.0126944173048,5.03960720935298,0.519310592162632,2.16939580531432e-23,7.34285697376539e-21,"ENSG00000154277","UCHL1","Up","Significant"
"ENSG00000118193",35.559690500504,2.50094035150294,0.258011401435929,2.54964807314241e-23,8.52329956684217e-21,"ENSG00000118193","KIF14","Up","Significant"
