geo_accession,source_title,days_post_symptom_onset,gender,disease state,severity,geographical location,cell type,sample,condition,condition_note
GSM4614985,S145_nCOV001_C,40,M,Convalescent,Convalescent,"Atlanta, GA, USA",PBMC,S145_nCOV001_C,Infected,Legacy analysis label; includes convalescence
GSM4614986,S147_nCoV001EUHM-Draw-1,2,F,COVID-19,Moderate,"Atlanta, GA, USA",PBMC,S147_nCoV001EUHM_Draw_1,Infected,
GSM4614987,S149_nCoV002EUHM-Draw-2,23,M,COVID-19,Severe,"Atlanta, GA, USA",PBMC,S149_nCoV002EUHM_Draw_2,Infected,
GSM4614988,S150_nCoV003EUHM-Draw-1,15,F,COVID-19,Severe,"Atlanta, GA, USA",PBMC,S150_nCoV003EUHM_Draw_1,Infected,
GSM4614989,S151_nCoV004EUHM-Draw-1,9,M,COVID-19,ICU,"Atlanta, GA, USA",PBMC,S151_nCoV004EUHM_Draw_1,Infected,
GSM4614990,S152_nCoV006EUHM-Draw-1,16,M,COVID-19,Severe,"Atlanta, GA, USA",PBMC,S152_nCoV006EUHM_Draw_1,Infected,
GSM4614991,S153_nCoV007EUHM-Draw-1,9,F,COVID-19,Moderate,"Atlanta, GA, USA",PBMC,S153_nCoV007EUHM_Draw_1,Infected,
GSM4614992,S154_nCoV0010EUHM-Draw-1,9,F,COVID-19,Severe,"Atlanta, GA, USA",PBMC,S154_nCoV0010EUHM_Draw_1,Infected,
GSM4614993,S155_nCOV021EUHM,15,F,COVID-19,ICU,"Atlanta, GA, USA",PBMC,S155_nCOV021EUHM,Infected,
GSM4614994,S156_nCOV024EUHM-Draw-1,8,M,COVID-19,Severe,"Atlanta, GA, USA",PBMC,S156_nCOV024EUHM_Draw_1,Infected,
GSM4614995,S157_nCOV0029EUHM,9,F,COVID-19,Moderate,"Atlanta, GA, USA",PBMC,S157_nCOV0029EUHM,Infected,
GSM4614996,S175_nCoV024EUHM-Draw-2,13,M,COVID-19,ICU,"Atlanta, GA, USA",PBMC,S175_nCoV024EUHM_Draw_2,Infected,
GSM4614997,S176_nCoV025EUHM-Draw-1,18,F,COVID-19,Severe,"Atlanta, GA, USA",PBMC,S176_nCoV025EUHM_Draw_1,Infected,
GSM4614998,S177_nCoV025EUHM-Draw-2,21,F,COVID-19,ICU,"Atlanta, GA, USA",PBMC,S177_nCoV025EUHM_Draw_2,Infected,
GSM4614999,S178_nCoV028EUHM-Draw-1,16,M,COVID-19,Severe,"Atlanta, GA, USA",PBMC,S178_nCoV028EUHM_Draw_1,Infected,
GSM4615000,S179_nCoV033EUHM-Draw-1,15,M,COVID-19,Severe,"Atlanta, GA, USA",PBMC,S179_nCoV033EUHM_Draw_1,Infected,
GSM4615001,S180_nCoV034EUHM-Draw-1,12,F,COVID-19,Moderate,"Atlanta, GA, USA",PBMC,S180_nCoV034EUHM_Draw_1,Infected,
GSM4615003,S061_257,NA,M,Healthy,Healthy,"Atlanta, GA, USA",PBMC,S061_257,Control,
GSM4615006,S062_258,NA,F,Healthy,Healthy,"Atlanta, GA, USA",PBMC,S062_258,Control,
GSM4615008,S063_259,NA,F,Healthy,Healthy,"Atlanta, GA, USA",PBMC,S063_259,Control,
GSM4615011,S064_260,NA,M,Healthy,Healthy,"Atlanta, GA, USA",PBMC,S064_260,Control,
GSM4615014,S065_261,NA,F,Healthy,Healthy,"Atlanta, GA, USA",PBMC,S065_261,Control,
GSM4615016,S066_265,NA,M,Healthy,Healthy,"Atlanta, GA, USA",PBMC,S066_265,Control,
GSM4615019,S067_270,NA,F,Healthy,Healthy,"Atlanta, GA, USA",PBMC,S067_270,Control,
GSM4615022,S068_272,NA,M,Healthy,Healthy,"Atlanta, GA, USA",PBMC,S068_272,Control,
GSM4615025,S069_273,NA,F,Healthy,Healthy,"Atlanta, GA, USA",PBMC,S069_273,Control,
GSM4615027,S070_279,NA,M,Healthy,Healthy,"Atlanta, GA, USA",PBMC,S070_279,Control,
GSM4615030,S071_280,NA,F,Healthy,Healthy,"Atlanta, GA, USA",PBMC,S071_280,Control,
GSM4615032,S181_255,NA,M,Healthy,Healthy,"Atlanta, GA, USA",PBMC,S181_255,Control,
GSM4615033,S182_SHXA10,NA,F,Healthy,Healthy,"Atlanta, GA, USA",PBMC,S182_SHXA10,Control,
GSM4615034,S183_263,NA,F,Healthy,Healthy,"Atlanta, GA, USA",PBMC,S183_263,Control,
GSM4615035,S184_SHXA18,NA,M,Healthy,Healthy,"Atlanta, GA, USA",PBMC,S184_SHXA18,Control,
GSM4615036,S185_266,NA,F,Healthy,Healthy,"Atlanta, GA, USA",PBMC,S185_266,Control,
GSM4615037,S186_SHXA14,NA,M,Healthy,Healthy,"Atlanta, GA, USA",PBMC,S186_SHXA14,Control,
