"","sample","condition"
"S145_nCOV001_C","S145_nCOV001_C","Infected"
"S147_nCoV001EUHM.Draw.1","S147_nCoV001EUHM.Draw.1","Infected"
"S149_nCoV002EUHM.Draw.2","S149_nCoV002EUHM.Draw.2","Infected"
"S150_nCoV003EUHM.Draw.1","S150_nCoV003EUHM.Draw.1","Infected"
"S151_nCoV004EUHM.Draw.1","S151_nCoV004EUHM.Draw.1","Infected"
"S152_nCoV006EUHM.Draw.1","S152_nCoV006EUHM.Draw.1","Infected"
"S153_nCoV007EUHM.Draw.1","S153_nCoV007EUHM.Draw.1","Infected"
"S154_nCoV0010EUHM.Draw.1","S154_nCoV0010EUHM.Draw.1","Infected"
"S155_nCOV021EUHM","S155_nCOV021EUHM","Infected"
"S156_nCOV024EUHM.Draw.1","S156_nCOV024EUHM.Draw.1","Infected"
"S157_nCOV0029EUHM","S157_nCOV0029EUHM","Infected"
"S175_nCoV024EUHM.Draw.2","S175_nCoV024EUHM.Draw.2","Infected"
"S176_nCoV025EUHM.Draw.1","S176_nCoV025EUHM.Draw.1","Infected"
"S177_nCoV025EUHM.Draw.2","S177_nCoV025EUHM.Draw.2","Infected"
"S178_nCoV028EUHM.Draw.1","S178_nCoV028EUHM.Draw.1","Infected"
"S179_nCoV033EUHM.Draw.1","S179_nCoV033EUHM.Draw.1","Infected"
"S180_nCoV034EUHM.Draw.1","S180_nCoV034EUHM.Draw.1","Infected"
"S061_257","S061_257","Control"
"S062_258","S062_258","Control"
"S063_259","S063_259","Control"
"S064_260","S064_260","Control"
"S065_261","S065_261","Control"
"S066_265","S066_265","Control"
"S067_270","S067_270","Control"
"S068_272","S068_272","Control"
"S069_273","S069_273","Control"
"S070_279","S070_279","Control"
"S071_280","S071_280","Control"
"S181_255","S181_255","Control"
"S182_SHXA10","S182_SHXA10","Control"
"S183_263","S183_263","Control"
"S184_SHXA18","S184_SHXA18","Control"
"S185_266","S185_266","Control"
"S186_SHXA14","S186_SHXA14","Control"
