"package","version","R_version"
"AnnotationDbi","1.72.0","4.5.2"
"BiocParallel","1.44.0","4.5.2"
"DESeq2","1.50.2","4.5.2"
"apeglm","1.32.0","4.5.2"
"clusterProfiler","4.18.4","4.5.2"
"digest","0.6.39","4.5.2"
"dplyr","1.2.0","4.5.2"
"enrichplot","1.30.5","4.5.2"
"ggplot2","4.0.2","4.5.2"
"ggrepel","0.9.8","4.5.2"
"knitr","1.51","4.5.2"
"org.Hs.eg.db","3.22.0","4.5.2"
"pheatmap","1.0.13","4.5.2"
"readr","2.2.0","4.5.2"
"rmarkdown","2.30","4.5.2"
"tibble","3.3.1","4.5.2"
"tidyr","1.3.2","4.5.2"
