path,sha256,status
reference/figures/gsea_dotplot.png,872bbb4bd88f63d19b7b1cf9a8febd0f0e9aa28d0abc4bf52d0922fbe79b63b9,historical_export_not_regenerated
reference/figures/gsea_enrichment.png,c66b2440b774b9c8b5bef32108ca20796ef44b3cfda6e6473446dfb73c482d19,historical_export_not_regenerated
reference/figures/heatmap_top_genes.png,423ca15a8179ab135bd06b7290b90180817ee794194f4ad7aedca577a6624b63,historical_export_not_regenerated
reference/figures/ma_plot.png,c4c57327596dfb93a49664246522af425e238b4bab2e410205c9221d4a6a7e14,historical_export_not_regenerated
reference/figures/pca.png,c962eaff469d4288ae604d0097a658511fce5b7a1c62d05a68a566a609d749c6,historical_export_not_regenerated
reference/figures/sample_distance_heatmap.png,14b031a2ae1b4fbf3be1361fbb640f599f4100e7dbc0954d3e2593a4e643ee85,historical_export_not_regenerated
reference/figures/volcano.png,4c06314757a4283f59db78a09275bdbdfd56030011ae8da06206411a8a438f02,historical_export_not_regenerated
reference/remote_tables/all_significant_DEGs.csv,63b5584219bb65f1cad436aab9dcfc702cd80b454560f0ac650f5e4cd6591a62,historical_export_not_regenerated
reference/remote_tables/gsea_results.csv,56dfa3844693efeb3e593d047dc4425e39de0b9162be2161cf011f25c5c620e4,historical_export_not_regenerated
reference/remote_tables/top_100_DEGs.csv,e1a7b7435cc9b46e7c0f1c14d8a9089170a92c8dc34cdf886d0aeb89c3e09bbc,historical_export_not_regenerated
reference/tables/all_DESeq2_results_with_symbols.csv,623b9f4d587aad51478e3e72f38c0d685e3803ca9d9d39f7c38b5c687811405a,historical_export_not_regenerated
reference/tables/all_significant_DEGs.csv,1e0f3a6a2690a815aebcd59b776062fe299628b6c4955e7b34fa027bb88e74ff,historical_export_not_regenerated
reference/tables/gsea_results.csv,b9d773b6a5273f6b3705aeef4b839c93670b1276188fd27cf9b9893bb80e5311,historical_export_not_regenerated
reference/tables/top_100_DEGs.csv,fc10c5f384077c19f287570ea91256985ca72882771749191ba9182bf9dc617d,historical_export_not_regenerated
